setting_id	prevalence	average_prediction	calibration_oe	calibration_slope	auc	n
1	0.010265	0.008820163718301544	1.1638105967013366	0.8038744480372407	0.6568244277385588	1000000
2	0.049486	0.05641137306060361	0.8772344531808581	0.32793080275985725	0.6490060341940287	1000000
3	0.301657	0.3026730389827975	0.9966431136839536	0.3345154138459342	0.6520085184049417	1000000
4	0.010121	0.009592930028442068	1.0550478289732395	0.6628867107860742	0.8544590121688301	1000000
5	0.054701	0.06199905454164835	0.8822876478423421	0.33163389207081456	0.8469639653727912	1000000
6	0.298583	0.3242374391358859	0.9208776160943762	0.33409534946561986	0.8477504246067592	1000000
