setting_id	prevalence	average_prediction	calibration_oe	calibration_slope	auc	n
1	0.010246	0.008810051822250455	1.162989753831294	0.7836286624852811	0.65251003505517	1000000
2	0.049578	0.056517705341453485	0.8772118347776676	0.33138097538025	0.6512720288353612	1000000
3	0.302004	0.3023034173348542	0.9990095469727271	0.3326336547268955	0.6511449077372647	1000000
4	0.010196	0.0095535442408334	1.0672478970077555	0.6667833272078466	0.8557192391766903	1000000
5	0.054589	0.0620140209765839	0.8802686737667351	0.3325084710551911	0.8459813457329594	1000000
6	0.299113	0.32415528494072415	0.9227460229583996	0.3328800548525432	0.8471188261087385	1000000
