setting_id	event_rate	average_prediction	calibration_oe	calibration_slope	concordance	n
1	0.890935	0.8902928869593378	1.0007212379769261	0.991022633543671	0.6187060906996158	1000000
2	0.800154	0.7986271963517144	1.0019117851924657	0.9871223990538748	0.6186416271986352	1000000
3	0.50348	0.5055660969355413	0.9958737404501883	0.9949205674648142	0.6205719317704685	1000000
4	0.897123	0.8509522463915303	1.0542577492500398	0.8022087619637459	0.8889416335935707	1000000
5	0.791116	0.7478498319654007	1.0578540853862237	0.7993952170292005	0.8920510099744583	1000000
6	0.490542	0.49300369963774704	0.995006731917923	0.8004870470691754	0.9053139965135237	1000000
7	0.896983	0.8458565391441406	1.060443418582057	0.8011162737053774	0.9496211972304125	1000000
8	0.80872	0.7583888874247365	1.0663658360635702	0.7992001468986588	0.951710799500732	1000000
9	0.525448	0.5200110639422449	1.0104554238068268	0.7992120880180128	0.9604548897810707	1000000
